{
    "type": "table",
    "name": "Adaptador_AC",
    "database": "sysnetpro_controleestoque",
    "data": 
[
{
    "Modelo": "Rohs",
    "Onde_funciona": "",
    "Voltagem": "19.5",
    "Amperagem": "3.34"
},
{
    "Modelo": "N18152",
    "Onde_funciona": "Notebooks Compaq e HP",
    "Voltagem": "18",
    "Amperagem": "3"
},
{
    "Modelo": "N17908",
    "Onde_funciona": "Notebooks Compaq e HP",
    "Voltagem": "19",
    "Amperagem": "3"
},
{
    "Modelo": "DA-90F19",
    "Onde_funciona": "NAS: D-LINK 340L, D-LINK 3401, PR-4100,",
    "Voltagem": "19",
    "Amperagem": "4"
},
{
    "Modelo": "DSA-36W-12 1 36",
    "Onde_funciona": "Monitor LG",
    "Voltagem": "12",
    "Amperagem": "3"
},
{
    "Modelo": "GP-F120-100",
    "Onde_funciona": "1026 - 1028 - 220 - 222 - 1027",
    "Voltagem": "12",
    "Amperagem": "1"
},
{
    "Modelo": "PA-1650-02HN",
    "Onde_funciona": "Notebooks Compaq e HP",
    "Voltagem": "19",
    "Amperagem": "3"
},
{
    "Modelo": "WLX100GY-12V-3A",
    "Onde_funciona": "Barril de 2.5mm",
    "Voltagem": "12",
    "Amperagem": "3"
},
{
    "Modelo": "ADS-24S-12 1224GPBR",
    "Onde_funciona": "Monitor LG",
    "Voltagem": "12",
    "Amperagem": "2"
},
{
    "Modelo": "N20789",
    "Onde_funciona": "Notebooks Compaq e HP",
    "Voltagem": "19",
    "Amperagem": "4.74"
},
{
    "Modelo": "1AA-050-0200-A",
    "Onde_funciona": "688 - 689",
    "Voltagem": "5",
    "Amperagem": "2"
},
{
    "Modelo": "WA-36A12",
    "Onde_funciona": "",
    "Voltagem": "12",
    "Amperagem": "3"
},
{
    "Modelo": "ADB810F10",
    "Onde_funciona": "1026 - 1028",
    "Voltagem": "12",
    "Amperagem": "1"
},
{
    "Modelo": "AD-3014N",
    "Onde_funciona": "Notebooks Samsung",
    "Voltagem": "14",
    "Amperagem": "2.14"
},
{
    "Modelo": "LE-2561",
    "Onde_funciona": "",
    "Voltagem": "12",
    "Amperagem": "3"
},
{
    "Modelo": "ADP-65JH CB",
    "Onde_funciona": "Barril de 2.5mm",
    "Voltagem": "19",
    "Amperagem": "3.42"
},
{
    "Modelo": "FE 12 01A",
    "Onde_funciona": "1026 - 1028",
    "Voltagem": "12",
    "Amperagem": "1"
},
{
    "Modelo": "NBS30E120250HB",
    "Onde_funciona": "",
    "Voltagem": "12",
    "Amperagem": "2.5"
},
{
    "Modelo": "VGP-AC10V5",
    "Onde_funciona": "",
    "Voltagem": "10",
    "Amperagem": "2.9"
},
{
    "Modelo": "SYS1428-2412-W2B",
    "Onde_funciona": "",
    "Voltagem": "12",
    "Amperagem": "2"
},
{
    "Modelo": "BA018-050250AXE",
    "Onde_funciona": "",
    "Voltagem": "5",
    "Amperagem": "2.5"
},
{
    "Modelo": "09C29N",
    "Onde_funciona": "Notebook129",
    "Voltagem": "19.5",
    "Amperagem": "3.34"
},
{
    "Modelo": "LA65NS2-01",
    "Onde_funciona": "",
    "Voltagem": "19.5",
    "Amperagem": "3.34"
},
{
    "Modelo": "DA-65A19",
    "Onde_funciona": "1072",
    "Voltagem": "19",
    "Amperagem": "3.42"
},
{
    "Modelo": "LSE020C1990",
    "Onde_funciona": "1073",
    "Voltagem": "19",
    "Amperagem": "4.74"
},
{
    "Modelo": "IA45NM190",
    "Onde_funciona": "1162",
    "Voltagem": "19.5",
    "Amperagem": "2.31"
},
{
    "Modelo": "ADP-40DD B",
    "Onde_funciona": "239",
    "Voltagem": "12",
    "Amperagem": "3.33"
},
{
    "Modelo": "ADLX65CDGC2A",
    "Onde_funciona": "838",
    "Voltagem": "20",
    "Amperagem": "2.25"
},
{
    "Modelo": "GP-V480-032G\r",
    "Onde_funciona": "1250",
    "Voltagem": "48",
    "Amperagem": "0.32"
},
{
    "Modelo": "ADS-24NP-12-1\r",
    "Onde_funciona": "1282",
    "Voltagem": "12",
    "Amperagem": "3"
},
{
    "Modelo": "FSP036-RAB\r",
    "Onde_funciona": "1284",
    "Voltagem": "12",
    "Amperagem": "3"
},
{
    "Modelo": "ANU-120150A",
    "Onde_funciona": "",
    "Voltagem": "12",
    "Amperagem": "1.5"
},
{
    "Modelo": "TPC-LA52",
    "Onde_funciona": "",
    "Voltagem": "19.5",
    "Amperagem": "7.69"
},
{
    "Modelo": "T050060-2C1",
    "Onde_funciona": "1430",
    "Voltagem": "5",
    "Amperagem": "0.6"
},
{
    "Modelo": "FLD301-240120-V",
    "Onde_funciona": "1434",
    "Voltagem": "24",
    "Amperagem": "1.2"
},
{
    "Modelo": "AF1203",
    "Onde_funciona": "1516",
    "Voltagem": "12",
    "Amperagem": "0"
},
{
    "Modelo": "5VDC",
    "Onde_funciona": "",
    "Voltagem": "5",
    "Amperagem": "2"
},
{
    "Modelo": "3",
    "Onde_funciona": "5",
    "Voltagem": "6",
    "Amperagem": "7"
},
{
    "Modelo": "ADP-30BWK",
    "Onde_funciona": "",
    "Voltagem": "12",
    "Amperagem": "2"
},
{
    "Modelo": "LA65NM130",
    "Onde_funciona": "1527-1528-1529-1530-1531-1532-1533-1534-1535-1536",
    "Voltagem": "19",
    "Amperagem": "3"
}
]

}
